{
  "creds": {
    "noiseKey": {
      "private": {
        "type": "Buffer",
        "data": "WDT7MJw1/Dx37g14Cm+v7+UlUs2CEUQUN9IcbVONzmc="
      },
      "public": {
        "type": "Buffer",
        "data": "JjO5UTe0YaPf/MUMj4mKE4cw/WX2Syvan0hAy4oQDhc="
      }
    },
    "signedIdentityKey": {
      "private": {
        "type": "Buffer",
        "data": "oI/CvWAJXBRxZly1yRgMX2JPkbm+7UlvnWCPD2EegWA="
      },
      "public": {
        "type": "Buffer",
        "data": "RcUgFkHRgeGua6Ww8QofpF/qzhrcBMfoWs4qHu50vDo="
      }
    },
    "signedPreKey": {
      "keyPair": {
        "private": {
          "type": "Buffer",
          "data": "GBeB41tZcvB5bfwlutB07pMdxYHgGQOcFLWuWuIRU3E="
        },
        "public": {
          "type": "Buffer",
          "data": "LJY1dPujBGXY8ls1WlJ8Li+SSlLtsrmxaMKK5ORBlHw="
        }
      },
      "signature": {
        "type": "Buffer",
        "data": "c3OD0g66sqPP4UPTNVCg8R5aa8zRQhvUFDy3GOhaxQUrkRBY2jT4keUVavf1BbBZ6LzTe3qqsz1Q4VrxOw0Bgw=="
      },
      "keyId": 1
    },
    "registrationId": 127,
    "advSecretKey": "tvw3BlOfGjh6xodA3L+BbAi3z9mXEuV0wmC2htphxtI=",
    "processedHistoryMessages": [
      {
        "key": {
          "remoteJid": "6282377971356@s.whatsapp.net",
          "fromMe": true,
          "id": "8AF4C643625C58C822DA2E25E503DBF5"
        },
        "timestamp": 1659351377
      }
    ],
    "nextPreKeyId": 31,
    "firstUnuploadedPreKeyId": 31,
    "accountSettings": {
      "unarchiveChats": false
    },
    "account": {
      "details": "CJWxivEGEKjinpcGGAE=",
      "accountSignature": "4i4Ol1usZqZd/Q1R6aRc4J8TOn3+V3w+FRs5fEIDXWtKjIB9nxi/EllBYv0vJEHmtq2qD7pdHu1zSFqJDCAtCQ==",
      "deviceSignature": "qgvPERnzvyvFFJhjnpjxvo9ocYoTJDEJ7W0Z0PFw34Qe9f8biphh3TQLeyAKSt6yRDiEdNL+A7rOn05P1DFtjA=="
    },
    "me": {
      "id": "6282377971356:1@s.whatsapp.net",
      "name": "Cute bot Test"
    },
    "signalIdentities": [
      {
        "identifier": {
          "name": "6282377971356:1@s.whatsapp.net",
          "deviceId": 0
        },
        "identifierKey": {
          "type": "Buffer",
          "data": "BYmmujaBDwRcCF/s3NK521cOddqIvYw5H7TXO4mztIw+"
        }
      }
    ],
    "platform": "android",
    "lastAccountSyncTimestamp": 1659351339,
    "myAppStateKeyId": "AAAAAPM5"
  },
  "keys": {
    "preKeys": {
      "1": {
        "private": {
          "type": "Buffer",
          "data": "2B17FM1JLNiNQu7VdIOlZVcmV3sw+H/AvevowC1bjGU="
        },
        "public": {
          "type": "Buffer",
          "data": "qMkd12A2fuRM1dkju9ASzjxJv2A97c9qXB1baPFJQBU="
        }
      },
      "2": {
        "private": {
          "type": "Buffer",
          "data": "AAzPF9Q9dStjbCp9ubWF3j1yqctEUBErBmqw1JWwKnw="
        },
        "public": {
          "type": "Buffer",
          "data": "XLn6LNKafPP45w5zFWnlb6jUCBksxg5HQ4K6DJG2mWs="
        }
      },
      "3": {
        "private": {
          "type": "Buffer",
          "data": "CIvxMzAN5bntCi08MN+eeq8tp6H49TIzIGlXvJ70508="
        },
        "public": {
          "type": "Buffer",
          "data": "76OslS+XdIixm1HxGkTc6uZOi9NJt+pVhIStVCZnj0I="
        }
      },
      "4": {
        "private": {
          "type": "Buffer",
          "data": "+NmQ1eyQhGTQL60DPA0kHalEn6WuY7KXzLbIvaUZEWw="
        },
        "public": {
          "type": "Buffer",
          "data": "8YqLLFn2sl2/t6Ei95H6+F6NzD8cM4FltSSWC1PurDk="
        }
      },
      "5": {
        "private": {
          "type": "Buffer",
          "data": "+HIKjnYtnfFok02+7BzG6yDddz0LkyFuc/FHfGnbQHo="
        },
        "public": {
          "type": "Buffer",
          "data": "ylAgISHZAXRrekYjCWIpQa6ZEUMhhLBBaDULVbQHcEY="
        }
      },
      "6": {
        "private": {
          "type": "Buffer",
          "data": "IJV08Sqk6xPBAeMvfNLUDt0g3uxjfxoMSwld7ZjKemY="
        },
        "public": {
          "type": "Buffer",
          "data": "wPO1MpbCXuBjP/mGqB0wJ8CxZ3ld+7zWhRA8Vqdo7GY="
        }
      },
      "7": {
        "private": {
          "type": "Buffer",
          "data": "UIUcMV6a7NgDU6XMnIIx0Lt6V8tNRRkmsgnS4/484mA="
        },
        "public": {
          "type": "Buffer",
          "data": "QmCRMAESD3KVxqEdoR/3ZjNbBDl/9svcQS4vwiL5cEA="
        }
      },
      "8": {
        "private": {
          "type": "Buffer",
          "data": "sN4uDeDYrhhlNEI/ePmf+kmRfYZHb0HDqrWzpQ4PlEU="
        },
        "public": {
          "type": "Buffer",
          "data": "UjcRvyqWfMuCmJX5vlZ5CoMbC37wHJyesHEZRpqC4gY="
        }
      },
      "9": {
        "private": {
          "type": "Buffer",
          "data": "EAHKs9Cl2mBrAOXWh71k5M2U+f4JFBFGE/BpURglgl4="
        },
        "public": {
          "type": "Buffer",
          "data": "n4ygN389xl2z0jzYYAxrjXA5phenUoeqm8FWhuJ8yHg="
        }
      },
      "10": {
        "private": {
          "type": "Buffer",
          "data": "MFSmIuneybuiRANqoBnQDbOoxcaRgVtxfSzcFiYjRFM="
        },
        "public": {
          "type": "Buffer",
          "data": "n0d/cR1H49ri7DPrndPlJKA9kXvK9qFTZmYSInb03jY="
        }
      },
      "11": null,
      "12": {
        "private": {
          "type": "Buffer",
          "data": "kGSbFScxj0uMTy67ni1qkEbc3sEWqJSKDQGz3Ued7XU="
        },
        "public": {
          "type": "Buffer",
          "data": "hF4H4cpGpIMZ6JBmvTpmXYonuRztExDW4oh5DOmVxh8="
        }
      },
      "13": {
        "private": {
          "type": "Buffer",
          "data": "ULym9yDIWJzY14MAN5nuCrmweO56leNEWxwWdOg8Dm8="
        },
        "public": {
          "type": "Buffer",
          "data": "IeLrQz8DDFM7cHN5To5rdf7LXAkRm1zYbQ+bR2EiBEc="
        }
      },
      "14": {
        "private": {
          "type": "Buffer",
          "data": "4Dl93mMIGm3ySM6ji37OVLji2giCWdsMh4EwH469Zl4="
        },
        "public": {
          "type": "Buffer",
          "data": "SkUNoYxUjqoH2rvLItAxaveR+Va7ZHHANFmMXDD5CXU="
        }
      },
      "15": {
        "private": {
          "type": "Buffer",
          "data": "8Gixr6gP6e8TdHiDypVBk/q5+KAyVdFo5eoTGeYnaVs="
        },
        "public": {
          "type": "Buffer",
          "data": "BuKLPQUpsGgxIBh57sQ1jP2b3VKUlTvSYjXCQys9ISw="
        }
      },
      "16": {
        "private": {
          "type": "Buffer",
          "data": "4J7BOl7fLo34oKeFv5HUM6kaqQL3oLCIQlF9LOBlc38="
        },
        "public": {
          "type": "Buffer",
          "data": "sGFLnZHgI3kYGjLYLA+cUuno72Sk+ESTA0M5zVr5vTQ="
        }
      },
      "17": {
        "private": {
          "type": "Buffer",
          "data": "AOETn49CUGTGAF6iLYptw3TjroLG65bay0vcFEFh81w="
        },
        "public": {
          "type": "Buffer",
          "data": "BngvnXamReZDzGzSK1LTOZ+OtBZocsYUZFQhWxJK/Qo="
        }
      },
      "18": {
        "private": {
          "type": "Buffer",
          "data": "CDRoLlSGIlf6tk2U2zJLu6bRv8fOQIF8Es9fiGC43Gs="
        },
        "public": {
          "type": "Buffer",
          "data": "MJWLcoyZVWNExGnkSGdFQfMlbFTUmKex7A8XSPfSQyA="
        }
      },
      "19": {
        "private": {
          "type": "Buffer",
          "data": "2OozYhftgS7aQcZ00UeyduIctNrHCjiYicans/a9bF8="
        },
        "public": {
          "type": "Buffer",
          "data": "TUcvrAjqEtskEXPz/1taMVuIMn94IgfV6JKXblBIJUo="
        }
      },
      "20": {
        "private": {
          "type": "Buffer",
          "data": "8CZ7aAzao5hWAFaqohImXj/Uu9fKNhMkajE1ZuL0bHs="
        },
        "public": {
          "type": "Buffer",
          "data": "z3E4D2iCL5cY9aKHEUFH/X8I1Cs59YmhQLKlhkDLpjY="
        }
      },
      "21": null,
      "22": {
        "private": {
          "type": "Buffer",
          "data": "qAWi35fFzFTeBD7xLR2W83clV4lN6smLbd7yXv6mTUY="
        },
        "public": {
          "type": "Buffer",
          "data": "C+zzM+Wyf18APED4HBdDxIocYoxwQGFn+03J1aOO6Xc="
        }
      },
      "23": {
        "private": {
          "type": "Buffer",
          "data": "yEwb9ERuw30Qgr2cerZhBYuNsflFJwWYXXJe6wNadnM="
        },
        "public": {
          "type": "Buffer",
          "data": "o0pP+MtDV/9bBevpDxV8yYdaBKrFxgpGrY6NTYY1aV8="
        }
      },
      "24": {
        "private": {
          "type": "Buffer",
          "data": "2PzesDhslKrBLKFpUZwg2dVGtvC357X9ryerTqI07mc="
        },
        "public": {
          "type": "Buffer",
          "data": "WCs1keDZusGpfLrZiw/iqGwHCUwsjU7BPqQXQLifESU="
        }
      },
      "25": {
        "private": {
          "type": "Buffer",
          "data": "eDiW5O5xZJi1b/6kvjzvt+jkMD3SLgy15+PFgYS7pmo="
        },
        "public": {
          "type": "Buffer",
          "data": "l1kUKP7lHpfGb5L1J4LtF5yRU7RBTLmHmLNX0maxshI="
        }
      },
      "26": {
        "private": {
          "type": "Buffer",
          "data": "oF4q00wSZPwctZPcNRaZ9cQauze/2Ovm7YRrg15rzn8="
        },
        "public": {
          "type": "Buffer",
          "data": "mwNZi4OTztFWtSaFba+1rcEZvb68sumd9l80NBjbaEw="
        }
      },
      "27": {
        "private": {
          "type": "Buffer",
          "data": "mMje3YAcXeK2EHw/Vr0cBnrqfs7ZJsrchtfQKVRkdlw="
        },
        "public": {
          "type": "Buffer",
          "data": "6oF9DDtHJ1Y4IUIsx3EIjjTAyGYr0Kw9OinCCWP5x2E="
        }
      },
      "28": {
        "private": {
          "type": "Buffer",
          "data": "iLrMYtiHefAWWJQ9YPg+x+gNASEf/Jwd5luEAVk08mI="
        },
        "public": {
          "type": "Buffer",
          "data": "mzNUMEG8pJTWNV1L9Cvj5JPLk9y0JvADo3HqkdDz6kg="
        }
      },
      "29": {
        "private": {
          "type": "Buffer",
          "data": "0KvHgo/G4HVegHzXE1/0brRBeBb0xoWi8wSrpFB7xGY="
        },
        "public": {
          "type": "Buffer",
          "data": "dZ5F4EFwqJgicSdPU79HMKxDE+VzDTCRyHa5QJkn80c="
        }
      },
      "30": {
        "private": {
          "type": "Buffer",
          "data": "MChZyAgBMCLvF1hQ8f4VjPnUgOi9pnCmpQATlS4+gWw="
        },
        "public": {
          "type": "Buffer",
          "data": "lUq2aG31nr8R5Zn1VJrxrObD8X3fLu1VwPK0sTzbXRg="
        }
      }
    },
    "sessions": {
      "6282377971356.0": {
        "_sessions": {
          "BfnrfMPfhVygEDvs7b+94dQI81O3Acd96P7O2bhj2/91": {
            "registrationId": 366172741,
            "currentRatchet": {
              "ephemeralKeyPair": {
                "pubKey": "BeOTVcNpkU16UTvBoiu3XptXoA23nkoB4KdxE+4fAHZy",
                "privKey": "6Hqd1FJS064adYcUCiQJJFeakWdB2B74AbD+nodI92U="
              },
              "lastRemoteEphemeralKey": "BbGKqpRAmuKBKkClS5EtkVz50k8isppJARPV+/U6Zxox",
              "previousCounter": 0,
              "rootKey": "gKtro6m4tqDU8iIgNoR/WAfnz78neuY1s2bB015QPCQ="
            },
            "indexInfo": {
              "baseKey": "BfnrfMPfhVygEDvs7b+94dQI81O3Acd96P7O2bhj2/91",
              "baseKeyType": 2,
              "closed": -1,
              "used": 1659351362597,
              "created": 1659351362597,
              "remoteIdentityKey": "BYmmujaBDwRcCF/s3NK521cOddqIvYw5H7TXO4mztIw+"
            },
            "_chains": {
              "BbGKqpRAmuKBKkClS5EtkVz50k8isppJARPV+/U6Zxox": {
                "chainKey": {
                  "counter": 7,
                  "key": "zrbjoMo6//Iy5UmkSLrMCv9MSU/Qu8Bo+s9idpwcJ2E="
                },
                "chainType": 2,
                "messageKeys": {}
              },
              "BeOTVcNpkU16UTvBoiu3XptXoA23nkoB4KdxE+4fAHZy": {
                "chainKey": {
                  "counter": -1,
                  "key": "q+ZFCB+jjc8uMrwnr6bM4azIv9EME9Mv847zG5av6Uo="
                },
                "chainType": 1,
                "messageKeys": {}
              }
            }
          }
        },
        "version": "v1"
      },
      "16199961931.0": {
        "_sessions": {
          "BfMy17Zy9Aebigwa62ySXoyP1dacqsP2bg1+tmwU/PNW": {
            "registrationId": 745934767,
            "currentRatchet": {
              "ephemeralKeyPair": {
                "pubKey": "BaKAcNPfpYq5qq6MiRIuV3dT/SF1642rHTYLr9sjtQJP",
                "privKey": "GPEP44zTA+qVnoDobW2M4Y8q62IN3CA/JpuFgQuq6HI="
              },
              "lastRemoteEphemeralKey": "BSwbC/ZIYpEhuFCJBSR6shtqvVxDOP90rwdrQfFwSRxU",
              "previousCounter": 0,
              "rootKey": "WFF/suXjWdZwb0ar5bYMRWT2hj463YF4WPFotcJy1FU="
            },
            "indexInfo": {
              "baseKey": "BfMy17Zy9Aebigwa62ySXoyP1dacqsP2bg1+tmwU/PNW",
              "baseKeyType": 2,
              "closed": -1,
              "used": 1659351477392,
              "created": 1659351477392,
              "remoteIdentityKey": "BSPCBOYOPnL3k9oZo1sFVDjTY9QJnlUN0asn301JhvZQ"
            },
            "_chains": {
              "BSwbC/ZIYpEhuFCJBSR6shtqvVxDOP90rwdrQfFwSRxU": {
                "chainKey": {
                  "counter": 1,
                  "key": "P7/CTqy5U/RxNK/svNSsU2RoxAoKpGE0BRySlvcdG3k="
                },
                "chainType": 2,
                "messageKeys": {}
              },
              "BaKAcNPfpYq5qq6MiRIuV3dT/SF1642rHTYLr9sjtQJP": {
                "chainKey": {
                  "counter": -1,
                  "key": "tdbyhhoOuYMRHPo/pXgV8amMnQ9DgdU7YzjPCUxGmXM="
                },
                "chainType": 1,
                "messageKeys": {}
              }
            }
          }
        },
        "version": "v1"
      }
    },
    "appStateSyncKeys": {
      "AAAAAPM5": {
        "keyData": "qAAqOUm8mn/FbIdvzZMc1VgZNAiQ7LT/haf/TNCekkk=",
        "fingerprint": {
          "rawId": 1847761045,
          "currentIndex": 1,
          "deviceIndexes": [
            0,
            1
          ]
        },
        "timestamp": "1659351360684"
      }
    },
    "appStateVersions": {
      "critical_block": {
        "version": 1,
        "hash": {
          "type": "Buffer",
          "data": "uHN0POe96X+79VbTRNaVNxk7moz3mgzi9nTgb9QjYXayBok2PbWa5CDkqQNSH30jbksQw+N6CS0NivyliSwaba+VmEznor0hl7Wg2MTLM/nq1g1CdrtD3NEmHZI3sqhw3YVZlNvFQP259dYFDFZW14Kgqow1Azju3Q13JPcy0ww="
        },
        "indexValueMap": {
          "vZH5NYjuIEnqpD5DHFuCUQArMN/T5y2d2Se0W9TEV6M=": {
            "valueMac": {
              "type": "Buffer",
              "data": "Ipdwqme7z76/evtlWu91HnPwuil1XOiA0o77uLDYVn4="
            }
          },
          "+xSMgqg0OlbNczG9pN2QjdY6W5ws6Co5Y1SKhNESh9Y=": {
            "valueMac": {
              "type": "Buffer",
              "data": "rsoqo3/jb97r1NTaw2hYZKvbKr/bDD3grJIkVjjsB5A="
            }
          }
        }
      },
      "regular": {
        "version": 1,
        "hash": {
          "type": "Buffer",
          "data": "sBFh4o2r3z7/+MdERJ/MpsqBvL49CjRKQ8Q6aYfOuoul+YS9clDZ2Q/k2GKr3UHl8gz+cfChZRMbsxeb4sNfjBv8cWrLbzEk9iBEiYGK1mr87U75c0jVj/vz7EET5QOuhy+8RBcAKimBXxTieuok4ALQP48FcXroI+oTnZBjdVA="
        },
        "indexValueMap": {
          "OrR2MJU9enyvl42UEJ0ji+P0ESckfg03hB4//X3QiIs=": {
            "valueMac": {
              "type": "Buffer",
              "data": "HZM0VLFKog5kac7UFO08vPJ2p+nXD54jEUqgYNfKRTk="
            }
          }
        }
      },
      "regular_low": {
        "version": 1,
        "hash": {
          "type": "Buffer",
          "data": "Kr6FnRZDuOl6Lm4PBO6aJA5Lk224YYznfkzzWRXA3R2aoY/9x92zw9Yri1W5jdS1mrVol8wnFyDEvM7hWyigAxz76CH6/9W4HvmqMhuuSVjUOiV6ZBz5yz5NOs8f89R7k81ix462paejgasOsFhl9qocg8VrEiMmD/pAXnO8K0Y="
        },
        "indexValueMap": {
          "EBOr0pxKFD3MhSCn2L3ETeg0yTWZn5uQh4zKm9ccntA=": {
            "valueMac": {
              "type": "Buffer",
              "data": "Gn1AmgbdAw9vg7g0/drLqzUvNd6odtoEp8jl58ox6bY="
            }
          },
          "T2XpSz/Qz0kUP7eN4+Kps1SlNUZJP3Q+MzUvQs7gYow=": {
            "valueMac": {
              "type": "Buffer",
              "data": "DlZ2L23x1Roa1p2x7+OH9HnWN3D18UT8vLJl6rO5gwQ="
            }
          }
        }
      },
      "critical_unblock_low": {
        "version": 1,
        "hash": {
          "type": "Buffer",
          "data": "KFNDp+pemD/kzloL97yHXWo3TLnvmXmdTUDKh8NAv+WCFaxbGb7nx7P5cFbyzk8uGvsK6H8SGZdUJN9TrtISmp3o+tUwToksyoyefmj7QmPeQhIJXpe/2BCM2PyVAXKjKRFOdE+rAwZZaPz4gSQo372Bo0xlkN7PeHicO+EF8j4="
        },
        "indexValueMap": {
          "/l4/qxVeRZT9fQ/be+4h/e8RNs+yoV0BGK1CGmlcT4w=": {
            "valueMac": {
              "type": "Buffer",
              "data": "dLT2sQEdzVB1Ew4Ock29m3+Sig1WpQ7rFsjDag9CS9Q="
            }
          },
          "sH3TLXQFxGbqlM16qZHuEAr7wzmgI6uCVQpApZO8//g=": {
            "valueMac": {
              "type": "Buffer",
              "data": "PMLdT350dVSTUIn9xdEHB7LiXq1MKun+/LZ+h/KCcY4="
            }
          },
          "vxQcjrNbPy4QzFm3Qo1sNg+yzqAJi28fi+lpM6cwiAg=": {
            "valueMac": {
              "type": "Buffer",
              "data": "6p91fNsmRNz1RqgyFjreUzh605hhV/bvRfCa8P6iqeQ="
            }
          },
          "5o7aN3iRNKft20nX+8oGS6FPBFvmKAFPw8SefgAB2kE=": {
            "valueMac": {
              "type": "Buffer",
              "data": "xw03NrrRKe+gCSQ9qI/pW5/3NoRd6NmqzzE1gpbSCtc="
            }
          },
          "pYAang2ufK+BpmA4Gc4MP/pwyvwRgpZoajaPDMSHTpU=": {
            "valueMac": {
              "type": "Buffer",
              "data": "c+ZPQS6We2cNzXaacBwXlMMre8/iFkl85kcD/FTz51g="
            }
          },
          "D2k3lErVYKcoxuy7LY0e/d0QL1zFiDjsh/rGhMfhBMY=": {
            "valueMac": {
              "type": "Buffer",
              "data": "SFfrukCWCgyASPGp+1YeXsqr7bq/Cu9duiTJxqqDXKQ="
            }
          },
          "oXMo3nxIKo6irM0CtAIMeT7+Sky/Dv3mN9T1eXz899M=": {
            "valueMac": {
              "type": "Buffer",
              "data": "Xzu9j8pkEtQGyIRfAHEBHn2fKCszpRkZA9nv6MDOsOs="
            }
          },
          "JC66+cR6Hsx+TV7e7yhFshxMDjwdsMuFVG158dhVjRo=": {
            "valueMac": {
              "type": "Buffer",
              "data": "6zn+kmL2Y5mHiS/XJrbgXrx8POUBjPKIr96YnLvXy/Y="
            }
          },
          "NXVNBtiO8WSBD9iwSFsJYxLEwlYNvwI0W8wBFfQTOtQ=": {
            "valueMac": {
              "type": "Buffer",
              "data": "kqVx82do9km7omVCfsi/MYZeP0RiwsthRJrRkkjYVBY="
            }
          },
          "RccQby5cFsFDRrm69jcdgeRUkX6oy6wPfW70BZR+Ors=": {
            "valueMac": {
              "type": "Buffer",
              "data": "lwQe3Rb4LzG2TdDVmbMCxgJFINcw0nZKgtK+BSsRc94="
            }
          },
          "z8Vqmn4pa1qFVAKflrRduobY+GANtaKHuq5V3Sag99c=": {
            "valueMac": {
              "type": "Buffer",
              "data": "Mc0SztGq/FPx/Oe3wkx03OSnapr9p9RTaPG6PJ77fhw="
            }
          },
          "Aw+as578S1CAL7tE25K/QIdHQ+6v3b1LriK3WJZhz20=": {
            "valueMac": {
              "type": "Buffer",
              "data": "4kkEhpWDs1jCqlp6YE8j2OrNdZMFIAml6mZWXgbdHw8="
            }
          },
          "VDtMOVlUtec46CMvU0aDHM4KMmSTiIWWqiZ4uK4yPpM=": {
            "valueMac": {
              "type": "Buffer",
              "data": "i+gJX1sM/YFk9RZQGwPeye3tADOdtoaissmXkngV00k="
            }
          },
          "5UogetnFqYezLhJMqFFYVZVebFdlaG7yq0wZm+FzZYE=": {
            "valueMac": {
              "type": "Buffer",
              "data": "6kiu+RTVZ/+3NHr3S92jNOMgTeM1fAm9zmIwyrZq/HQ="
            }
          },
          "rap93H80MK3FnLnfZ64S00TkzwcxmUMjU0ziKxrkrZc=": {
            "valueMac": {
              "type": "Buffer",
              "data": "Eq+6cKfQ97/SvhZbXDg5z9zw6CjacAin8XXe4BW9xtE="
            }
          },
          "BzO5LMtH6M55/2awt9H11Fc8anqlmXZ/r+QKWhi4vG8=": {
            "valueMac": {
              "type": "Buffer",
              "data": "FHagHtIRfeJnkJGNoEdPsalSMPdfLW+L1OSYuOHKJ7Q="
            }
          },
          "M0QYimkgN6ai064Wj7rNTei6rPUUWi9xAX5uEtgmKDk=": {
            "valueMac": {
              "type": "Buffer",
              "data": "DNpBe3o/U4IdnQYEJbE+/tt4zw1GwxLg6ylRr/o3vew="
            }
          },
          "JXwOhJ1g6/81WdBP9CSTR41AGFnVxJJaaaRLXWWQpUI=": {
            "valueMac": {
              "type": "Buffer",
              "data": "kMgEXnxPVDUXusQuIr5jHI9SLsRkKLpckM3egs/2pL0="
            }
          },
          "g34wJvQmj+y9PJhPKRTVN+iJa8I3yfSjYZCfhvqpzWA=": {
            "valueMac": {
              "type": "Buffer",
              "data": "BbaF5/v2OQs3HshdO9BWod0WvFzlbQ8a9hBcSt2gJKI="
            }
          },
          "o1g2yfPTKKY89KEQC98kh2wJgqIG+nmNSfsHpZ6UPa4=": {
            "valueMac": {
              "type": "Buffer",
              "data": "RGGZglQHfy3xnqWcVt8a9Ug5Dnx716uX680V3fwT7j8="
            }
          },
          "64nlb7/HjqYb9i3R3WfCAQZyecobRobLX4oA4wxrocs=": {
            "valueMac": {
              "type": "Buffer",
              "data": "azr5pBG8NE17rp3GnQ2N7TJ72ECfiEyvHtb4PsM2W6o="
            }
          },
          "Vt2k3cZSe2XskYMgJjn4e3o0Acjkk/5TWRQr6WxPL0w=": {
            "valueMac": {
              "type": "Buffer",
              "data": "VOo94LXZt1eJJuyBy/NHvLqeL2Tk9eJ1PolL/+wpkMw="
            }
          },
          "4marUjRQoFeKuwHy06Kn/jEOes5uOceXJiIFI3RFij0=": {
            "valueMac": {
              "type": "Buffer",
              "data": "N/wtihpgx/Jvmk65YQ2ZgfCKtuRcheYAV09M1Je1Rn8="
            }
          },
          "mpPfazYyRr+bkO4GC/R+TgnxA++7GXgnvd9Jil8jtd8=": {
            "valueMac": {
              "type": "Buffer",
              "data": "1Ov9JbJ9WkgQdqyg1ZmmZM7VkcnIm8f3RrLI09JDiMg="
            }
          },
          "1RMtK59KmaooPLUaC8WVG1NNvh6hQYZ+PQmT+ooLcwQ=": {
            "valueMac": {
              "type": "Buffer",
              "data": "HjBh54NfLcDgknuAPr8I3o08BV981K+99b1EssD0WRY="
            }
          },
          "aEjaLbInqfhU4FZu8avtFpq3g/WcgPqypDOI7mj+FMs=": {
            "valueMac": {
              "type": "Buffer",
              "data": "HaQKT2IdtgFcKZ3KW8Dmfic/g53+w4QWOuSu4LBKhUg="
            }
          },
          "Tau1dTG/sgohjI0PWoCdkG9vgtOeeodo0+FqK66HxYY=": {
            "valueMac": {
              "type": "Buffer",
              "data": "Uli/xSHhULfDCJGA6h+G/l+HG7M2m8ebJZ2L92dCtzo="
            }
          },
          "Fm4ZH8rLgEQv3iIJZWsfHYNiXuSWgnYRkQGWb5Ugnuo=": {
            "valueMac": {
              "type": "Buffer",
              "data": "F2PGZ73RrDt0VfE7yq4azc7GakpAp7e0eyJQpfAnJtI="
            }
          },
          "TlH0mTlAss877XEKQMHhvii03frjjmt3pt1tKZ/qoLQ=": {
            "valueMac": {
              "type": "Buffer",
              "data": "XFhHxMCOm5ol6mOStrNtJoivdkiFIyOF+o0Jle6JFK8="
            }
          },
          "kGn14eWrpgfiplFv4hOrU00Cydi/aXfRAB6BcYQeGuQ=": {
            "valueMac": {
              "type": "Buffer",
              "data": "XDrbU9d9gq0sIMx7DnVrii8dGgWFuPU7lM+yG5b4MPU="
            }
          },
          "6PFz1L/+yITbeEzqt/Gdm9rFkDUg5qiTWyFOIBmLWOU=": {
            "valueMac": {
              "type": "Buffer",
              "data": "5MA8dBcXvYuMzdGhV224TvleUZ3v3jq7JWgstLWrrnk="
            }
          },
          "2nqj5VrTxOfFSrjTLgmzFcxXUr+WmQo6UyWlL5rrCcc=": {
            "valueMac": {
              "type": "Buffer",
              "data": "1nhEqsnRE0D2Cdxr5Yxhk7qZVSQWYYEsaNTdriE31wk="
            }
          },
          "cTPFJJCRTR2KZAty3ujUCi5Ma2gMph6ca/nif+NOO7Q=": {
            "valueMac": {
              "type": "Buffer",
              "data": "Ke+sM5XFA/X0MBLnknWiSKBur+oAsTOwcSkJAyei+jg="
            }
          },
          "6FTVCG+Jumpb9uWk/geLLSMScxDEIrzTS3Oqqsm1gZQ=": {
            "valueMac": {
              "type": "Buffer",
              "data": "edwBb+364vqdJ+onTYC/lgH5tYaKLhCQeFhGUz5YQfg="
            }
          },
          "swRdodaJ8ZPKbSEjdbahi2xZbnGUQ/GyTnraZpbOOgM=": {
            "valueMac": {
              "type": "Buffer",
              "data": "s+pjcJiEWlCfDqWGwKqaBCVHSW5R705ral6DM93VkxY="
            }
          },
          "jYVieNhDuaPHSqxKZdupdjlmJnfjWzOObqBXXe3Gtdw=": {
            "valueMac": {
              "type": "Buffer",
              "data": "9SGzG53dFsk1h481uU5NifxBJ9Y3FEXymJ5Ko/oyvRM="
            }
          },
          "KeVm84nYcFFNPAIUmXQDPiek39vEMnYcpM48rXFatgo=": {
            "valueMac": {
              "type": "Buffer",
              "data": "Txgqromk+YpbxCwmR1gPFAHUqvYrfNq+6dhyyL3SyUk="
            }
          },
          "qIobiitcrj7e88jpaj2AsGq18dS9Va1uQyFW2VtZ01E=": {
            "valueMac": {
              "type": "Buffer",
              "data": "N2gqUrVBE94/l7fQ9qmnYxAneEY6/ZDoyI0XF7Cr8+8="
            }
          },
          "xt4LS6wT5EDwVpnwJVYwLfsMdIJAyie1ChBUdv27UvA=": {
            "valueMac": {
              "type": "Buffer",
              "data": "uJ0Z3xSa3492v+6B6ts518q4pu31h4o0h0sSN9zdmSk="
            }
          },
          "QZ02m8nuV/+3wviZMaQs1f1bpEJhxVG2q28HVxxoNjc=": {
            "valueMac": {
              "type": "Buffer",
              "data": "LYXg2HEFjrpgqJUXIntjutSeTAUZGpp5O3uQjV/29Ew="
            }
          },
          "7XYcKMrjoAjQE5xPIei9Mv5Hco4OMW/aIeMPqY5xPO4=": {
            "valueMac": {
              "type": "Buffer",
              "data": "Re5MYmD67YzehmsxoFhKVXhGIYK+pY2whJvRyyvFhOc="
            }
          },
          "tYJqBHZXa16+t5x4oVS935wLmS+MlD+b+8JAC/RGK10=": {
            "valueMac": {
              "type": "Buffer",
              "data": "MFdt8psvB2ebb56wBGX8TaEjsyQvSIyN39H4wfeIBkM="
            }
          },
          "N2MPbcXsNHL9Kney1DwdFmhrce8bnf6dr+VKIE+VciQ=": {
            "valueMac": {
              "type": "Buffer",
              "data": "yq7RrvrKpum0aeuqxEuyXHnPMdE69cKwYkWZL9T+SZQ="
            }
          },
          "OE+rT4ozhCNnRQn0VoWvU1wL44qbgZuTdICOTexi7QY=": {
            "valueMac": {
              "type": "Buffer",
              "data": "Wxxc6N4SWayRJK8Liq+zsGYNkDcLcLpQGtqiuu7I6zY="
            }
          },
          "EJZSvJcJOenE0wBsMklSeSkZV8FqIVSZzcI1XF8KIug=": {
            "valueMac": {
              "type": "Buffer",
              "data": "r+sDVNSXzKZsZReaIfbye2JGKNWrcp5aaWJtsNPABz8="
            }
          },
          "bKJgF7eek+VXFnToSn4M9WlMT25TIwWQOgPlhMhaXkI=": {
            "valueMac": {
              "type": "Buffer",
              "data": "qBJ8pC6p3OcCIMD+mdMpIrsS2PWZvHROzkkZ5wa+QkE="
            }
          },
          "gRlK8JjqH5APue+E89WaV7ptW8cec/UyCVwdcxOUIbg=": {
            "valueMac": {
              "type": "Buffer",
              "data": "So6/+0lnCpgiQk7jbpArsr37oCroKNqffFxlEE+igXA="
            }
          },
          "dcFKTahhcDmFg1WSSY64+EpA8BKqQ9HrtnxVFqKhNHM=": {
            "valueMac": {
              "type": "Buffer",
              "data": "32ijYGf48H6eLrYQ6S/pdNbQlqqsm3PCh2ruxbNH8oY="
            }
          },
          "OJ3QzPse9Ci6w7NCQfbNx7T/PTcRY8pUcYzpM2PCtEc=": {
            "valueMac": {
              "type": "Buffer",
              "data": "8hJMftKYKY0AepQXFn5/oESxb06u4qxIHPJo2y7JnYM="
            }
          },
          "rkb4E6atWpFtvGJHSUZ8LsE6MKPfYOuwwKTBP1LtVTc=": {
            "valueMac": {
              "type": "Buffer",
              "data": "8+YrSsjfUFHl/7hdkaQrJyC/Nay9HBAE0AgVNlKWsNY="
            }
          },
          "jrVIDT28M8MoqN8BMumYeFl03dGIrfFiwhfJvThnZLo=": {
            "valueMac": {
              "type": "Buffer",
              "data": "v0lDrMUW7m86PFGNY6Jn/h15E2j0e7ZN0COCOkA/gjw="
            }
          },
          "8kxqJc701Fwra62U89O19ia9qU/ugCocCO6g1+LectA=": {
            "valueMac": {
              "type": "Buffer",
              "data": "R+XO8HTFo7UThC9nl5br4PindYmTM0iOpfFSmD6UAXE="
            }
          },
          "i6Lw5hF7/ux5eXq4inrRjRgkVo20MtKGyHZ8mFTGgSk=": {
            "valueMac": {
              "type": "Buffer",
              "data": "P3fxpexVdV6IVwOfWVVwRA9fTOrcQyGi1saEmCqalbI="
            }
          },
          "U3B4rxQIFp12uMrM4AN6MVl4ZfvOwLCeNrLq9r24Qso=": {
            "valueMac": {
              "type": "Buffer",
              "data": "wLkPcNLG37oWpRmmWex4FLDriPoYtJR5uqLuc7kJPhI="
            }
          },
          "33eh80tGvoR1K/SaO9ACW04LqMCgQPzsoSYWrkfDqzU=": {
            "valueMac": {
              "type": "Buffer",
              "data": "eq8vQCwJfjT9f6GBrqn8p7TVaMHO2L083Lp/hENGJBU="
            }
          },
          "uyQzYGC2QrvqnX4Nu467jsn1vJIgPNHyCEb6QKWAbu4=": {
            "valueMac": {
              "type": "Buffer",
              "data": "J33D5YTIFsl+xkB83Euf43hBOs9Rv4XLHGjuyB5OAQk="
            }
          },
          "vyxBut1/7QhZgl+a6d4hOW7bDncssxe/d+jWxoha9XU=": {
            "valueMac": {
              "type": "Buffer",
              "data": "44S3leDeHXIak/s768uelgKxg3mFErUuJQX25zzfS+8="
            }
          },
          "0aReodNFwH4qEQgQ91r7PwadJtdJO5v0M994tdNxxxc=": {
            "valueMac": {
              "type": "Buffer",
              "data": "6XRmVbERNC3/hsXjv8gCvPRblOa/6+bLw223UWMNo8c="
            }
          },
          "mY5RbZEhESpiXWoJFnk+ez1XG9LE9lfaxeQTgEqXpkk=": {
            "valueMac": {
              "type": "Buffer",
              "data": "BNRA/6txUBmCaBLDvC4Exc3jJTsyJTqVJ6Wi67UsdDc="
            }
          },
          "gX6SmSMdAxC+UGHSstziWykay8o5mQQg6piP3Vu97cE=": {
            "valueMac": {
              "type": "Buffer",
              "data": "8mjdB8sUh0Wt1bmBhHNiMwJbGTqlkKCJs7dJEYIcBEU="
            }
          },
          "R8Bl761p2yqDMbjL68hP3vTzk5jg3fNgENAONkzlzlU=": {
            "valueMac": {
              "type": "Buffer",
              "data": "+1YffANbkSC7NaZP04Hcbl8iyMao+wcxZhP0f5R5oB8="
            }
          },
          "GMLZEuUpw5ppcZRDSM/ob6kJgdu2I3VlEOa+EABVwYY=": {
            "valueMac": {
              "type": "Buffer",
              "data": "x5aG/IxR89E43U7fyYVss6t6GEVHmSh7qI0FQCvXHNo="
            }
          },
          "HMEcr1YaOZpd/MdEzMUY/ed9gJI2eawHsEfFjerYBFE=": {
            "valueMac": {
              "type": "Buffer",
              "data": "JYfNf97rQPHYUGvBHIOvJw8nlUfVBSn6YvcnUP/jdaU="
            }
          },
          "b9y1wy2NemyAy9srpkxkYf2bpBgvTDNqG4iMen4eMBY=": {
            "valueMac": {
              "type": "Buffer",
              "data": "M4VMXLOZU5/+LdivsrOJ7MN+o9mtvv2QlOL4znKyU3w="
            }
          },
          "vy4FkIwJ+usYuknVY+A+MDH7URXpZ2fFYxKHwuYUmgI=": {
            "valueMac": {
              "type": "Buffer",
              "data": "ZPcj+aPz6YAkt+QN9lw1XMK9HZRPIYYCv9SSSn5eyMQ="
            }
          },
          "98kg0nZBMq+tIOaqEss8xb4TLXhcSxoC0kQzDnWH4RA=": {
            "valueMac": {
              "type": "Buffer",
              "data": "wfL/f6VUxy8tqW9PiiKuG8tepT9K8sbGdjovCFPG5wo="
            }
          },
          "4Y88UW5c3qIcLLhHgC41PA8pw07rrQJHdUZ6HBmc2Zo=": {
            "valueMac": {
              "type": "Buffer",
              "data": "Vlm7p6zWKigsrg67y22sg3060JRUimIAiQCXYRi/S4U="
            }
          },
          "P8QMXuJNxY5/uL5fLisItcnSIKsPGFWqt4p72GB51DU=": {
            "valueMac": {
              "type": "Buffer",
              "data": "a3v2TKcgB0krL8+SwaRvXTbIuvrKdpieVgFtI3T6/Uw="
            }
          },
          "4AbwVvH20VQ04UBwvlCOKcbZTsxVXnS2gjavA1bErZQ=": {
            "valueMac": {
              "type": "Buffer",
              "data": "OJ30Cia0Ovz1jxzpAnipfWdjJu9NCU8RseoAXgQ9n24="
            }
          },
          "A8DrZbym7DQ3OYtM3I4LXzBZIgJ7ivy8n1UUDK9FJlc=": {
            "valueMac": {
              "type": "Buffer",
              "data": "kwPeHtkYRhpvc5IKfV+QV83vwTs8OXTfM6Yu0ezB/ow="
            }
          },
          "OkFDYu5CrUL16DndyHo3CXkzcMOGxvcjmZZS0Wr+k8s=": {
            "valueMac": {
              "type": "Buffer",
              "data": "Y6wQ7lRNxh1+359MthE4lefNjgQ0TIy4FBBtseJYcek="
            }
          },
          "sk/PIueM22PXFjGzZ8A3cYfiOH8F+A/dgHu2fYH3ktc=": {
            "valueMac": {
              "type": "Buffer",
              "data": "rN+e27Z2ZRkqAqk/PvYGEn4XoKY359uRajQ7skOTXXk="
            }
          },
          "ZIvVirHlu124Uf+4kb57+0bo6Oa58RREBvfm2jZXwXs=": {
            "valueMac": {
              "type": "Buffer",
              "data": "Ds/GPzh7p+7AQYBJI2GVGZ+929dNox3myGxp+d7sHvw="
            }
          },
          "Y54Qo7smEykwBvlaRFOP1DAwU0mLFieGCAnyofIwKyU=": {
            "valueMac": {
              "type": "Buffer",
              "data": "1tPjy2w2aecRYp+Ab9rOosTqK7hCapYz9s/5uyQJJ7M="
            }
          },
          "aEDgYIt1T/OVv0Pk1x5oCR3D+Kjvr6p600+vE5D68Z8=": {
            "valueMac": {
              "type": "Buffer",
              "data": "I+2rL+M8a/vVPHKOb9K2sZwbp5HVDkZbdglNrJNzXK8="
            }
          },
          "iju2M3jF0IhsVjtDMwCMz4wsxGPWPHgGhkHIQdWf2K0=": {
            "valueMac": {
              "type": "Buffer",
              "data": "pDqIF6TlVSIxddo8GxdJY30LFk9lJyKIyJNCkLBuHYg="
            }
          },
          "mq7L2i0F14YNWFnRK6T/OQS4XzjIAHpUUSPndtcxov4=": {
            "valueMac": {
              "type": "Buffer",
              "data": "4wt4CE534D+osjCh3YHt+NsWHNpq6lLhU0dLXSuEvEc="
            }
          }
        }
      }
    }
  }
}
